[{
 "favoriteCount": 0,
 "commentCount": 0,
 "answerCount": 2,
 "answerScore": 0,
 "score": 0,
 "id": 1,
 "postType": "question",
 "viewCount": 3,
 "ownerUserId": -1,
 "postState": "Published",
 "creationDate": "2024-06-29T21:14:06.847Z",
 "tags": "|stackoverflow-for-teams|",
 "title": "What are the points associated with my profile?",
 "bodyMarkdown": "What is a reputation point and how do I earn them?",
 "body": "<p>What is a reputation point and how do I earn them?</p>\n"
}, {
 "favoriteCount": 0,
 "commentCount": 0,
 "answerCount": 0,
 "answerScore": 0,
 "score": 0,
 "id": 2,
 "postType": "answer",
 "parentId": 1,
 "ownerUserId": -1,
 "postState": "Published",
 "creationDate": "2024-06-29T21:14:06.847Z",
 "bodyMarkdown": "Your reputation points are displayed in your profile and are an indication of how valuable your knowledge is to your team. You can earn points when your teammates think your question or answer was helpful. You also get points when the question asker feels that you’ve done a good job and accepts your answer.",
 "body": "<p>Your reputation points are displayed in your profile and are an indication of how valuable your knowledge is to your team. You can earn points when your teammates think your question or answer was helpful. You also get points when the question asker feels that you’ve done a good job and accepts your answer.</p>\n"
}, {
 "favoriteCount": 0,
 "commentCount": 0,
 "answerCount": 1,
 "answerScore": 0,
 "score": 0,
 "id": 3,
 "postType": "question",
 "viewCount": 1,
 "ownerUserId": -1,
 "postState": "Published",
 "creationDate": "2024-06-29T21:14:06.847Z",
 "tags": "|stackoverflow-for-teams|",
 "title": "What is a tag?",
 "bodyMarkdown": "I see the option to add tags to my question or answer… what are tags and why should I use them?",
 "body": "<p>I see the option to add tags to my question or answer… what are tags and why should I use them?</p>\n"
}, {
 "favoriteCount": 0,
 "commentCount": 0,
 "answerCount": 0,
 "answerScore": 0,
 "score": 0,
 "id": 4,
 "postType": "answer",
 "parentId": 3,
 "ownerUserId": -1,
 "postState": "Published",
 "creationDate": "2024-06-29T21:14:06.847Z",
 "bodyMarkdown": "Tags are keywords that you can add to a question or answer. Along with keywords in the question or answer itself, these tags help to organize content and make searching easier. Tags also power notifications - so if you’re interested in something, make sure to follow that tag to get the latest information.\n\nWe added a few common tags to this question so you can see for yourself.\n\nTags: [tag:product] [tag:onboarding] [tag:training] [tag:development] [tag:scrum] [tag:hr] [tag:office-questions]",
 "body": "<p>Tags are keywords that you can add to a question or answer. Along with keywords in the question or answer itself, these tags help to organize content and make searching easier. Tags also power notifications - so if you’re interested in something, make sure to follow that tag to get the latest information.</p>\n<p>We added a few common tags to this question so you can see for yourself.</p>\n<p>Tags: <a href=\"/c/samuel-samuel-business-of-information-p-c-s-i/questions/tagged/product\" class=\"s-tag post-tag site150797 themed channel150797-tag\" title=\"show questions tagged &#39;product&#39;\" aria-label=\"show questions tagged &#39;product&#39;\" rel=\"tag\" aria-labelledby=\"tag-product-tooltip-container\" data-tag-menu-origin=\"Unknown\">product</a> <a href=\"/c/samuel-samuel-business-of-information-p-c-s-i/questions/tagged/onboarding\" class=\"s-tag post-tag site150797 themed channel150797-tag\" title=\"show questions tagged &#39;onboarding&#39;\" aria-label=\"show questions tagged &#39;onboarding&#39;\" rel=\"tag\" aria-labelledby=\"tag-onboarding-tooltip-container\" data-tag-menu-origin=\"Unknown\">onboarding</a> <a href=\"/c/samuel-samuel-business-of-information-p-c-s-i/questions/tagged/training\" class=\"s-tag post-tag site150797 themed channel150797-tag\" title=\"show questions tagged &#39;training&#39;\" aria-label=\"show questions tagged &#39;training&#39;\" rel=\"tag\" aria-labelledby=\"tag-training-tooltip-container\" data-tag-menu-origin=\"Unknown\">training</a> <a href=\"/c/samuel-samuel-business-of-information-p-c-s-i/questions/tagged/development\" class=\"s-tag post-tag site150797 themed channel150797-tag\" title=\"show questions tagged &#39;development&#39;\" aria-label=\"show questions tagged &#39;development&#39;\" rel=\"tag\" aria-labelledby=\"tag-development-tooltip-container\" data-tag-menu-origin=\"Unknown\">development</a> <a href=\"/c/samuel-samuel-business-of-information-p-c-s-i/questions/tagged/scrum\" class=\"s-tag post-tag site150797 themed channel150797-tag\" title=\"show questions tagged &#39;scrum&#39;\" aria-label=\"show questions tagged &#39;scrum&#39;\" rel=\"tag\" aria-labelledby=\"tag-scrum-tooltip-container\" data-tag-menu-origin=\"Unknown\">scrum</a> <a href=\"/c/samuel-samuel-business-of-information-p-c-s-i/questions/tagged/hr\" class=\"s-tag post-tag site150797 themed channel150797-tag\" title=\"show questions tagged &#39;hr&#39;\" aria-label=\"show questions tagged &#39;hr&#39;\" rel=\"tag\" aria-labelledby=\"tag-hr-tooltip-container\" data-tag-menu-origin=\"Unknown\">hr</a> <a href=\"/c/samuel-samuel-business-of-information-p-c-s-i/questions/tagged/office-questions\" class=\"s-tag post-tag site150797 themed channel150797-tag\" title=\"show questions tagged &#39;office-questions&#39;\" aria-label=\"show questions tagged &#39;office-questions&#39;\" rel=\"tag\" aria-labelledby=\"tag-office-questions-tooltip-container\" data-tag-menu-origin=\"Unknown\">office-questions</a></p>\n"
}, {
 "favoriteCount": 0,
 "commentCount": 0,
 "answerCount": 1,
 "answerScore": 0,
 "score": 0,
 "id": 5,
 "postType": "question",
 "viewCount": 1,
 "ownerUserId": -1,
 "postState": "Published",
 "creationDate": "2024-06-29T21:14:06.847Z",
 "tags": "|stackoverflow-for-teams|",
 "title": "Are there more resources to learn about Stack Overflow for Teams?",
 "bodyMarkdown": "What if I want to learn more about Stack Overflow for Teams?",
 "body": "<p>What if I want to learn more about Stack Overflow for Teams?</p>\n"
}, {
 "favoriteCount": 0,
 "commentCount": 0,
 "answerCount": 0,
 "answerScore": 0,
 "score": 0,
 "id": 6,
 "postType": "answer",
 "parentId": 5,
 "ownerUserId": -1,
 "postState": "Published",
 "creationDate": "2024-06-29T21:14:06.847Z",
 "bodyMarkdown": "You can learn more about Stack Overflow for Teams in our [help center](https://stackoverflowteams.help/en/).",
 "body": "<p>You can learn more about Stack Overflow for Teams in our <a href=\"https://stackoverflowteams.help/en/\" rel=\"nofollow noreferrer\">help center</a>.</p>\n"
}, {
 "favoriteCount": 0,
 "commentCount": 0,
 "answerCount": 1,
 "answerScore": 0,
 "score": 0,
 "id": 7,
 "postType": "question",
 "viewCount": 1,
 "ownerUserId": -1,
 "postState": "Published",
 "creationDate": "2024-06-29T21:14:06.847Z",
 "tags": "|stackoverflow-for-teams|",
 "title": "When should I use Stack Overflow for Teams?",
 "bodyMarkdown": "I’m not sure I have the right questions or information to share. What types of questions should I ask here?",
 "body": "<p>I’m not sure I have the right questions or information to share. What types of questions should I ask here?</p>\n"
}, {
 "favoriteCount": 0,
 "commentCount": 0,
 "answerCount": 0,
 "answerScore": 0,
 "score": 0,
 "id": 8,
 "postType": "answer",
 "parentId": 7,
 "ownerUserId": -1,
 "postState": "Published",
 "creationDate": "2024-06-29T21:14:06.847Z",
 "bodyMarkdown": "Stack Overflow for Teams is here for company-specific information. Questions regarding onboarding processes, key sales accounts, or what tools you have access to are all examples of topics to keep in your private Team. Simply put; if you have a question that you know others will benefit from, drop it in Stack Overflow for Teams.\n\nIf you are one of those people that finds themselves answering the same questions on repeat, then you can actually ask and answer your own question. This allows you to simply point team members to the knowledge. If someone needs further clarification, they can add a comment to the answer and you’ll be notified. You can then respond when it works best for your workflow.",
 "body": "<p>Stack Overflow for Teams is here for company-specific information. Questions regarding onboarding processes, key sales accounts, or what tools you have access to are all examples of topics to keep in your private Team. Simply put; if you have a question that you know others will benefit from, drop it in Stack Overflow for Teams.</p>\n<p>If you are one of those people that finds themselves answering the same questions on repeat, then you can actually ask and answer your own question. This allows you to simply point team members to the knowledge. If someone needs further clarification, they can add a comment to the answer and you’ll be notified. You can then respond when it works best for your workflow.</p>\n"
}, {
 "favoriteCount": 0,
 "commentCount": 0,
 "answerCount": 1,
 "answerScore": 0,
 "score": 0,
 "id": 9,
 "postType": "question",
 "viewCount": 1,
 "ownerUserId": -1,
 "postState": "Published",
 "creationDate": "2024-06-29T21:14:06.847Z",
 "tags": "|stackoverflow-for-teams|",
 "title": "What is Stack Overflow for Teams?",
 "bodyMarkdown": "What is Stack Overflow for Teams and why is it useful?",
 "body": "<p>What is Stack Overflow for Teams and why is it useful?</p>\n"
}, {
 "favoriteCount": 0,
 "commentCount": 0,
 "answerCount": 0,
 "answerScore": 0,
 "score": 0,
 "id": 10,
 "postType": "answer",
 "parentId": 9,
 "ownerUserId": -1,
 "postState": "Published",
 "creationDate": "2024-06-29T21:14:06.847Z",
 "bodyMarkdown": "Stack Overflow for Teams is a platform designed to keep your team’s knowledge in one central location, and up to date. Ever tried searching for something in email or chat? The results can be less than accurate and oftentimes the sheer volume is overwhelming. Teams keeps a living account of wisdom that normally gets passed down through chats, emails, and face-to-face conversations.\n\nWe structure knowledge the way that we naturally learn - through asking and answering questions.",
 "body": "<p>Stack Overflow for Teams is a platform designed to keep your team’s knowledge in one central location, and up to date. Ever tried searching for something in email or chat? The results can be less than accurate and oftentimes the sheer volume is overwhelming. Teams keeps a living account of wisdom that normally gets passed down through chats, emails, and face-to-face conversations.</p>\n<p>We structure knowledge the way that we naturally learn - through asking and answering questions.</p>\n"
}, {
 "favoriteCount": 0,
 "commentCount": 0,
 "answerCount": 0,
 "answerScore": 0,
 "score": 0,
 "id": 11,
 "postType": "answer",
 "parentId": 1,
 "ownerUserId": 1,
 "postState": "Published",
 "creationDate": "2024-06-29T21:32:39.810Z",
 "bodyMarkdown": "https://www.samuelsamuelbusinessofinformation.enterprises\r\n\r\nbarfieldiiisamuel74@gmail.com",
 "body": "<p><a href=\"https://www.samuelsamuelbusinessofinformation.enterprises\" rel=\"nofollow noreferrer\">https://www.samuelsamuelbusinessofinformation.enterprises</a></p>\n<p><a href=\"mailto:barfieldiiisamuel74@gmail.com\" rel=\"nofollow noreferrer\">barfieldiiisamuel74@gmail.com</a></p>\n"
}]