[{
 "lastAccessDate": "2024-06-29T21:30:45.483Z",
 "creationDate": "2024-06-29T21:14:06.847Z",
 "answerCount": 1,
 "questionCount": 0,
 "goldBadges": 0,
 "silverBadges": 0,
 "bronzeBadges": 0,
 "views": 0,
 "reputation": 1,
 "id": 1,
 "userTypeId": "Admin",
 "accountId": 28125055,
 "lastLoginDate": "2024-06-29T21:14:06.847Z",
 "profileImageUrl": "https://www.gravatar.com/avatar/821c2124f59cc9029a00fc158bdfcd41?s=128&d=identicon&r=PG&f=y&so-version=2",
 "realName": "Samuel Man  Barfield III ",
 "displayName": "Samuel Man  Barfield III "
}]